[
  {
    "condition": "minecraft:value_check",
    "value": {
      "type": "minecraft:score",
      "target": {
        "type": "minecraft:fixed",
        "name": "#totalDays.returnMonths"
      },
      "score": "fireworks.operations"
    },
    "range": 12
  },
  {
    "condition": "minecraft:value_check",
    "value": {
      "type": "minecraft:score",
      "target": {
        "type": "minecraft:fixed",
        "name": "#totalDays.returnDays"
      },
      "score": "fireworks.operations"
    },
    "range": 30
  },
  {
    "condition": "minecraft:value_check",
    "value": {
      "type": "minecraft:score",
      "target": {
        "type": "minecraft:fixed",
        "name": "#totalTicks.adjustmentCheck"
      },
      "score": "fireworks.operations"
    },
    "range": {
      "min": 17999,
      "max": 18000
    }
  }
]
